"","x"
"1","parabola_intuition_1"
"2","circles_and_arcs"
"3","inscribed_angles_3"
"4","solving_quadratics_by_factoring"
"5","graphing_parabolas_1"
"6","inverses_of_functions"
"7","one_step_equations"
"8","one_step_inequalities"
"9","number_properties_terminology_1"
"10","angles_2"
"11","angle_types"
"12","compound_inequalities"
"13","equation_of_a_circle_1"
"14","distance_between_point_and_line"
"15","midpoint_formula"
"16","properties_of_numbers_2"
"17","properties_of_incenters"
"18","measuring_lengths_1"
"19","fractional_division_life_problem"
"20","volume_container_hight"
"21","polynomial_concept_and_proper_noun"
"22","understanding_square_rectangular"
"23","baseline_compareline_application"
"24","vertical_and_parallel"
"25","calculations_using_similar_shapes"
"26","quadratics_word_problems"
"27","represent_by_symbol_dividend"
"28","quadratic_polynomial_word_problem"
"29","estimation_three-digit_add_sub"
"30","arithmetic_means"
"31","seq_understanding_sequence_2"
"32","place_value_big_number"
"33","matrix_basic_product"
"34","speed_applying"
"35","completing_the_square_1_new"
"36","basic_graph_and_composite_graph_area"
"37","judging_axis_of_symmetry"
"38","realizing_inequalities"
"39","perimeter_1"
"40","graphing_systems_of_equations"
"41","exponents_3"
"42","reading_pictographs_2"
"43","lhopitals_rule"
"44","multiplying_polynomials"
"45","telling_time"
"46","proportions_1"
"47","linear_equations_2"
"48","converting_repeating_decimals_to_fractions_1"
"49","exponents_2"
"50","solving_similar_triangles_2"
"51","creating_box_and_whisker_plots"
"52","subtraction_within_20"
"53","quadratic_function_word_problem"
"54","parallelogram_concept_and_application"
"55","radical_multiplication_and_division"
"56","arithmetic_sequences_3"
"57","vector_add_sub_two"
"58","concepts_related_to_diamond"
"59","cross_multiplication_advanced"
"60","matrix_basic_percentage"
"61","time_terminology"
"62","cone_surface_arc"
"63","multiplication_formula_minus"
"64","environment_bctest_cap"
"65","areas_of_kites"
"66","arithmetic_reasoning"
"67","adding_and_subtracting_centimeter_and_millimeter"
"68","rate_problems_0.5"
"69","evaluating_expressions_2"
"70","graphing_inequalities"
"71","radical_equations"
"72","empirical_rule"
"73","multiplying_fractions_0.5"
"74","exploring_angle_pairs_1"
"75","adding_subtracting_mixed_numbers_0.5"
"76","equation_of_an_ellipse"
"77","solid_geometry"
"78","z_scores_1"
"79","division_1.5"
"80","dividing_fractions"
"81","graphing_linear_equations"
"82","prime_numbers"
"83","converting_decimals_to_fractions_1"
"84","solving_for_the_y-intercept"
"85","addition_4"
"86","the_complex_plane"
"87","divisibility_0.5"
"88","linear_equations_4"
"89","least_common_multiple"
"90","factoring_polynomials_with_two_variables"
"91","absolute_value"
"92","multiplying_complex_numbers"
"93","area_of_triangles_1"
"94","the_fundamental_theorem_of_arithmetic"
"95","arithmetic_series"
"96","perimeter_deduction"
"97","time_units_transformation_1"
"98","triangles_congruent_nature_sas"
"99","metric_weight_unit_conversion"
"100","dividing_polynomials_2"
"101","interpreting_negative_numbers"
"102","understand_equivalent_axiom"
"103","writing_expressions_w_two_var"
"104","comparing_decimals_1"
"105","kg_g_time_div"
"106","absolute_values_meaning"
"107","altitude_and_hypotenuse"
"108","basic_compared_with_the_reference_quantity"
"109","areas_of_rhombi"
"110","integers_multiply_decimals2"
"111","metric_weight_unit_word_problem"
"112","l_ml_transform"
"113","age_problems"
"114","rate_unit_transform"
"115","application_of_linear_equations_1"
"116","midpoint_coordinates"
"117","number_sense_length_l2"
"118","common_form_for_life"
"119","understand_range_of_graphie"
"120","combinations_of_polynomials"
"121","ordering_improper_fractions_and_mixed_numbers"
"122","factoring_polynomials_2"
"123","rate_problems_1"
"124","systems_of_equations_with_elimination_0.5"
"125","similar_triangles_review"
"126","arithmetic_word_problems_2"
"127","perimeter_of_squares_and_rectangles"
"128","least_common_multiple_and_greatest_common_divisor_word_problems"
"129","adding_subtracting_mixed_numbers_1"
"130","evaluating_expressions_1"
"131","constant_function_and_a_fuction"
"132","seq-arithmetic-sequences-l2"
"133","multiplying_and_dividing_negative_numbers_new"
"134","meaning_congruent_planar_graph"
"135","hundred_million_adding_and_subtracting"
"136","area_relationship_larger_narrow_num"
"137","count_number_to_20_2"
"138","ecology_bctest_cap"
"139","recognize_num_less_than_10000"
"140","metric_area_unit_conversion"
"141","quadratic_function_concept"
"142","dividing_fractions_0.5"
"143","equation_of_a_line"
"144","factoring_difference_of_squares_2"
"145","trig_identities_1"
"146","greatest_common_divisor"
"147","equation_of_a_circle_2"
"148","angles_of_a_polygon"
"149","trigonometry_2"
"150","reading_pictographs_1"
"151","power_rule"
"152","converting_between_point_slope_and_slope_intercept"
"153","linear_inequalities"
"154","reading_tables_1"
"155","converting_fractions_to_decimals"
"156","dividing_decimals"
"157","combining_like_terms_1"
"158","imaginary_unit_powers"
"159","congruent_angles"
"160","radius_diameter_and_circumference"
"161","vertical_angles_2"
"162","derivatives_1"
"163","ratio_word_problems"
"164","matrix_mul_zero_one"
"165","computing_law_with_power"
"166","number_sense_length_l3"
"167","volume_space"
"168","ungroup_median"
"169","multiple_brackets"
"170","completing_the_square_2_new"
"171","understand_large_numbers_and_conversion"
"172","compare_shapes"
"173","time_units_transformation_3"
"174","application_division_large_nums"
"175","addition_two_numbers"
"176","absolute_value_add_sub_properties"
"177","constructing_and_interpreting_absolute_value"
"178","dividing_polynomials_6"
"179","multiple_proportions_reasoning"
"180","seq_understanding_sequence_1"
"181","multiplication_association_word_problems"
"182","comparison_between_numbers_within_ten"
"183","measuring_lengths_2"
"184","metric_weight_unit_selection"
"185","speed_equal_to_distance_divide_time"
"186","gcd_of_life"
"187","quadratic_function_graphing"
"188","tenfold_and_hundred_fold"
"189","polygon_geometry_characteristic"
"190","seq_understaning_arithmetic_sequence_1"
"191","time_word_problem_2"
"192","sectors_as_fraction_of_circles_1"
"193","solving_linear_inequalities"
"194","multiplying_decimal_integer"
"195","compound_numbers_world_problems"
"196","ordering_numbers"
"197","converting_between_slope_intercept_and_standard_form"
"198","adding_and_subtracting_polynomials"
"199","triangle_inequality_theorem"
"200","multiplying_fractions"
"201","subtracting_decimals"
"202","alternate_interior_angles_2"
"203","similar_triangles_1"
"204","simplifying_expressions_with_exponents"
"205","addition_1"
"206","supplementary_angles"
"207","division_word_problems_2"
"208","division_2.9"
"209","matrix_add_sub_2"
"210","volume_box_cover"
"211","ratio_money"
"212","volume_of_rectangular_boxes_3"
"213","understanding_comparing_angle"
"214","application_of_scientific_notation_2"
"215","nature_of_isosceles_triangle"
"216","matrix_add_zero_negative"
"217","planar_graph_resizing"
"218","division_4"
"219","inequalities_on_a_number_line"
"220","new_definitions_2"
"221","same_side_exterior_angles_2"
"222","congruency_postulates"
"223","independent_probability"
"224","adding_fractions"
"225","absolute_value_equations"
"226","range_of_a_function"
"227","angles_1"
"228","exponents_1"
"229","absolute_value_of_complex_numbers"
"230","understanding_decimals_place_value"
"231","same_side_exterior_angles"
"232","proportions_2"
"233","alternate_exterior_angles_2"
"234","adding_and_subtracting_negative_numbers"
"235","subtraction_4"
"236","perimeter_of_sector"
"237","angle_of_osculation"
"238","radius_diameter_and_circumference_314_1"
"239","equivalent_fractions_conversion"
"240","understand_percentage"
"241","radius_and_diameter"
"242","evolution_bctest_cap"
"243","l_ml_arithmatic"
"244","multiple_unit_transate"
"245","subtraction_and_addition"
"246","special_right_triangles"
"247","basic_concepts_of_probability_1"
"248","finding_axis_of_symmetry"
"249","planting_problems"
"250","combining_like_terms_with_two_variables"
"251","find_gcd_and_lcm"
"252","graphing_scaling"
"253","definition_opposite_number"
"254","scale"
"255","pyramidal_prism"
"256","comparison_between_numbers_within_ten_0.5"
"257","arithmetic_series_1"
"258","kg_g_unit_transform2"
"259","graphing_points_fraction_2"
"260","surface_area_of_cylinders"
"261","decimals_on_the_number_line_2_new"
"262","seq_sequence_pattern_1"
"263","percentage_concept"
"264","proportional_calculation"
"265","geometry_categorial_proposition"
"266","arc_length_and_circular_sector_area"
"267","count_numbers"
"268","number_sense_weight_l3"
"269","basic_concept_of_congruent_triangles"
"270","number_sequence_within_ten"
"271","solving_for_the_x-intercept"
"272","systems_of_equations"
"273","division_0.5"
"274","line_relationships"
"275","inverse_trig_functions"
"276","converting_decimals_to_fractions_2"
"277","multiplying_mixed_numbers_1"
"278","recognizing_fractions_0.5"
"279","triangle_angles_1"
"280","derivative_intuition"
"281","domain_and_range_0.5"
"282","similar_triangles_2"
"283","product_rule"
"284","place_value"
"285","dividing_decimals_0.5"
"286","area_of_squares_and_rectangles"
"287","division_1.4"
"288","inequalities_and_expressions"
"289","dividing_polynomials_4"
"290","basic_concepts_of_probability_2"
"291","composing_shapes"
"292","solving_problems_with_picture_graphs_1"
"293","number_sense_weight_l2"
"294","geometry_about_circle_concept"
"295","addition_of_vary_denominator_fraction"
"296","converting_percents_to_decimals"
"297","alternate_exterior_angles"
"298","fractions_cut_and_copy_2"
"299","graphing_parabolas_0.5"
"300","inscribed_angles_2"
"301","mean_median_and_mode"
"302","converting_mixed_numbers_and_improper_fractions"
"303","shifting_and_reflecting_functions"
"304","multiplying_and_dividing_negative_numbers"
"305","fractions_on_the_number_line_1"
"306","dividing_decimals_2"
"307","variance"
"308","reading_stem_and_leaf_plots"
"309","adding_negative_numbers"
"310","number_line_3"
"311","converting_decimals_to_percents"
"312","area_of_a_circle"
"313","z_scores_2"
"314","expressions_with_unknown_variables"
"315","telling_time_comparing"
"316","sides_and_angles_of_simple_shapes"
"317","writing_and_interpreting_decimals"
"318","meaning_of_equal_sign"
"319","common_factor"
"320","adding_decimals_1"
"321","proportional_or_inverse_proportional"
"322","graphing_points_fraction_1"
"323","proportional_life_problems"
"324","systems_of_equ_substitution_2"
"325","triangle_central_core_concept"
"326","reading_fractions_in_chinese"
"327","dividing_decimals_int_to_int_0.5"
"328","applications_of_index"
"329","systems_of_equations_with_elimination_2"
"330","range_of_triangle_sides_2"
"331","make_a_line_by_ruler_and_compasses"
"332","relationships_linear_equations"
"333","calculating_averages_advanced"
"334","volume_of_triangular_prisms"
"335","variables_word_problems_1"
"336","square_cm_square_m_unit_transform"
"337","inheritance_bctest_cap"
"338","integer_arithmetic"
"339","inverse_proportional_calculation"
"340","dividing_polynomials_3"
"341","volume_box"
"342","finding_percentage"
"343","number_line_4"
"344","fraction_integer"
"345","volume_container"
"346","count_number_to_50"
"347","interpreting_linear_equations"
"348","linear_equations_3"
"349","expressions_with_unknown_variables_2"
"350","congruent_triangles_1"
"351","division_1"
"352","rounding_whole_numbers"
"353","completing_the_square_2"
"354","age_word_problems"
"355","simplifying_fractions"
"356","factoring_difference_of_squares_3"
"357","quadratic_equation"
"358","parallel_lines_2"
"359","geometry_proofs_1"
"360","subtraction_3"
"361","recognizing_rays_lines_and_line_segments"
"362","comparing_decimal_place_value"
"363","matrix_row_operation"
"364","area_of_a_circle2"
"365","equal_parts_of_circles_and_rectangles"
"366","volume_box_nocover"
"367","statistical_table_and_chart"
"368","calculation_of_proportions"
"369","lines_plane_vertical_parallel"
"370","fractions_word_problem"
"371","adding_decimals_0.5_new"
"372","seq_sequence_exam_3"
"373","equivalent_fractions_2"
"374","systems_of_equations_with_elimination"
"375","logarithms_2"
"376","multiplication_2"
"377","complementary_and_supplementary_angles"
"378","negative_number_word_problems"
"379","line_graph_intuition"
"380","reading_bar_charts_3"
"381","same_side_interior_angles"
"382","reading_tables_2"
"383","divisibility_intuition"
"384","cube_roots"
"385","multiplication_0.5"
"386","adding_decimals_0.5"
"387","division_2"
"388","ordering_fractions"
"389","slope_of_a_line"
"390","multiplying_and_dividing_scientific_notation"
"391","probability_1"
"392","adding_and_subtracting_decimals_word_problems"
"393","decimals_on_the_number_line_2"
"394","combining_like_terms_2"
"395","herons_formula"
"396","subtraction_2"
"397","adding_and_subtracting_fractions"
"398","quotient_rule"
"399","number_line"
"400","multiplying_radicals"
"401","even_and_odd_functions"
"402","shaded_areas"
"403","multiplication_1"
"404","matrix_gaussian_elimination"
"405","geometric_construction"
"406","regular_number_of_columns"
"407","regrouping_decimals"
"408","adding_decimals_2_new"
"409","basic_concept_of_circumcenter"
"410","millimeter_and_centimeter"
"411","seq-arithmetic-sequences-l1"
"412","multiplication_formula_sub"
"413","understand_coins"
"414","parts_of_circles"
"415","number_sense_length_l1"
"416","measuring_and_comparing_angles"
"417","l_ml_word_problem"
"418","marking_inequalities_range_on_a_number_line"
"419","multiplying_and_dividing"
"420","count_one_by_one_1"
"421","square_root_calculation_3"
"422","skip_counting_by_5s"
"423","complex_fraction"
"424","life_1"
"425","notation_calculation_type"
"426","cube_rectangular_and_regular_tetrahedron"
"427","moving_points"
"428","multiplying_fractions_by_integers"
"429","draw_a_pie_chart"
"430","decimals_distributive_law_of_multiplication"
"431","multiplication_with_carrying"
"432","symmetry_concept_and_application"
"433","number_line_0.5"
"434","one_step_equation_problems"
"435","adding_subtracting_no_carry_3"
"436","inequality_properties"
"437","comparing_with_multiplication"
"438","recognizing_fractions"
"439","decimals_on_the_number_line_1"
"440","rounding_numbers"
"441","identifying_points_2"
"442","geometry_proofs_2"
"443","parabola_intuition_3"
"444","attributs_of_shapes"
"445","negative_nums_on_num_line_without_reference_to_zero"
"446","count_number_to_100"
"447","ratio_and_the_ratio_of"
"448","matrix_mul_two_2"
"449","time_word_problem_5"
"450","get_gcd_and_lcm"
"451","writing_expressions_3"
"452","adding_and_subtracting_within_20"
"453","short_divide_gcf_and_lcm"
"454","represent_by_symbol_multiplier"
"455","multiplication_word_problems"
"456","seq-arithmetic-means-1"
"457","exponents_4"
"458","simplifying_radicals"
"459","percentage_word_problems_1"
"460","distance_formula"
"461","permutations_1"
"462","systems_of_equations_with_substitution"
"463","exploring_mean_and_median"
"464","writing_expressions_1"
"465","fractions_on_the_number_line_3"
"466","subtracting_fractions_with_common_denominators"
"467","adding_decimals_2"
"468","adding_and_subtracting_radicals"
"469","graphing_points"
"470","corresponding_angles_2"
"471","inscribed_angles_1"
"472","slope_intercept_form"
"473","functions_3"
"474","rate_problems_2"
"475","reading_line_charts_1"
"476","percentage_word_problems_2"
"477","segment_addition"
"478","pythagorean_theorem_2"
"479","arithmetic_word_problems_1"
"480","factoring_difference_of_squares_1"
"481","recognizing_conic_sections"
"482","multiplying_2_digits_by_2_digits_with_area_models"
"483","adding_subtracting_dicimals_fractions_and_percentage"
"484","adding_subtracting_carry_2"
"485","area_of_fans"
"486","length_word_problem"
"487","angle_rotation"
"488","linear_equations_word_problems_2"
"489","define_one_function"
"490","kg_g_unit_transform"
"491","recognize_graph_zoom_effect"
"492","seq_understaning_arithmetic_sequence_2"
"493","systems_of_equ_substitution_1"
"494","add_subtract_negative_fractions"
"495","systems_of_equations_with_elimination_3"
"496","systems_of_equ_elimination_1"
"497","large_angle_long_edge"
"498","classification_bctest_cap"
"499","recognize_decimal_percentile_position"
"500","volume_of_rectangular_boxes_2"
"501","eval_expressions_w_two_var"
"502","matrix_submatrix"
"503","application_of_scientific_notation"
"504","re_graphics"
"505","operations_with_negative_numbers"
"506","matrix_mul_scalar"
"507","sequences_word_problems"
"508","seq_sequence_pattern_2"
"509","seq-arithmetic-means-2"
"510","word_problem_formula_translate"
"511","triangles_similar_nature"
"512","inequality_symbol_word_problems"
"513","simplify_expressions_w_two_var_2"
"514","dividing_polynomials_1"
"515","number_line_0.7"
"516","corresponding_angles"
"517","subtracting_decimals_0.5"
"518","composite_numbers"
"519","graphing_inequalities_2"
"520","pythagorean_theorem_1"
"521","parallel_lines_1"
"522","division_word_problems_1"
"523","number_line_0.5_new"
"524","volume_of_cylinders"
"525","dividing_decimals_int_to_int_0.7"
"526","polygon_similarity"
"527","multiplication_formula_1"
"528","volume_of_rectangular_boxes"
"529","narrative_and_opposite_narrative"
"530","multiplication_formula_add"
"531","kg_g_arithmatic"
"532","consistency_bctest_cap"
"533","time_units_transformation_2"
"534","multiplicative_problems"
"535","number_sense_weight_l1"
"536","using_fractions_to_divide_pizzas_pies_and_cakes"
"537","adding_decimals"
"538","multiplication_3"
"539","divisibility"
"540","trigonometry_1"
"541","linear_equations_1"
"542","solving_for_a_variable"
"543","converting_repeating_decimals_to_fractions_2"
"544","solutions_to_systems_of_equations"
"545","comparing_fractions_2"
"546","plotting_the_line_of_best_fit"
"547","square_roots_2"
"548","number_line_2"
"549","significant_figures_1"
"550","radians_and_degrees"
"551","fractions_on_the_number_line_2"
"552","angle_addition_postulate"
"553","radians_to_degrees"
"554","subtracting_fractions"
"555","equation_of_a_hyperbola"
"556","units"
"557","arithmetic_word_problems"
"558","factorization_quadratic_polynomial"
"559","count_number_to_20"
"560","the_four_arithmetic_exponentially"
"561","simplify_expressions_w_two_var_3"
"562","radius_angle_by_percentage"
"563","matrix_transpose"
"564","parallel_lines_proportion"
"565","interpreting_absolute_value"
"566","range_quarter_case_chart"
"567","separation_and_union"
"568","baseline_compareline"
"569","dividing_polynomials_5"
"570","age_problems_new"
"571","simple_hologram_concept"
"572","seq_sequence_exam_2"
"573","areas_of_trapezoids"
"574","circumferential_angle"
"575","decimal_two_steps"
"576","morning_afternoon_night"
"577","absolute_value_add_sub"
"578","sectors_as_fraction_of_circles_2"
"579","approximate_number"
"580","parallel_and_perpendicular"
"581","area_relationship_larger_narrow_graph"
"582","subtraction_of_vary_denominator_fraction"
"583","trapezoid_concept_and_application"
"584","understanding_moving_the_decimal"
"585","comparing_improper_fractions_and_mixed_numbers"
"586","estimation_with_decimals"
"587","multiplying_decimals"
"588","multiplying_expressions_1"
"589","functions_2"
"590","dividing_complex_numbers"
"591","triangle_types"
"592","limits_1"
"593","prime_factorization"
"594","scientific_notation_intuition"
"595","writing_expressions_2"
"596","angle_bisector_theorem"
"597","scaling_vectors"
"598","skip_counting_by_10s"
"599","application_add_large_nums"
"600","gcd_and_lcm_word_problems"
"601","dividing_polynomials"
"602","multiplication_and_division_word_problems"
"603","understand_length_unit"
"604","difference_between_solid_and_plane_graphics"
"605","ordering_negative_numbers"
"606","multiplying_expressions_0.5"
"607","reading_bar_charts_2"
"608","graphing_systems_of_inequalities"
"609","quadrilateral_angles"
"610","z_scores_3"
"611","telling_time_0.5"
"612","representing_numbers"
"613","divisibility_tests"
"614","point_slope_form"
"615","systems_of_equations_word_problems"
"616","chain_rule_1"
"617","fractions_cut_and_copy_1"
"618","graphing_parabolas_2"
"619","factoring_polynomials_1"
"620","graphs_of_sine_and_cosine"
"621","new_definitions_1"
"622","area_1"
"623","solving_similar_triangles_1"
"624","dependent_probability"
"625","limits_2"
"626","addition_2"
"627","subtraction_1"
"628","identifying_points_1"
"629","same_side_interior_angles_2"
"630","trigonometry_1.5"
"631","exploring_standard_deviation_1"
"632","special_derivatives"
"633","writing_proportions"
"634","order_of_operations"
"635","graphing_systems_of_inequalities_2"
"636","graphing_points_2"
"637","triangles_congruent_nature_aas"
"638","triangle_length_of_side"
"639","solving_linear_equations"
"640","visualizing_equivalent_fraction"
"641","basic_concept_of_similar_shapes"
"642","comparing_lengths"
"643","rates_and_ratios"
"644","repeated_addition"
"645","halves_and_fourths"
"646","volume_unit_conversion"
"647","denominator_comparison"
"648","time_word_problem_3"
"649","number_line_0.7_new"
"650","multiply_by_tens"
"651","time_word_problem_1"
"652","special_triangle_and_quadrilateral_concept"
"653","metric_area_unit_comparison"
"654","simplify_expressions_w_two_var_1"
"655","transportation_bctest_cap"
"656","perimeter_of_combined_shapes"
"657","adding_subtracting_carry_3"
"658","understanding_km"
"659","subtract_of_positive_negative_fraction"
"660","complex_number_polar_form_intuition_new"
"661","triangles_congruent_nature_asa"
"662","ratio"
"663","comparing_decimals_2"
"664","quadratic_function_maximum_and_minimum"
"665","triangles_congruent_nature_sss"
"666","application_of_gcd_and_lcm_1"
"667","volume_and_cc"
"668","comparing_size"
"669","chickens_and_rabbits_questions"
"670","number_within_fifty"
"671","recognizing_shapes"
"672","triangles_congruent_nature_rhs"
"673","reproduction_bctest_cap"
"674","represent_by_symbol_subtrahend"
"675","recognizing_factoring"
"676","solving_problems_with_line_plots_1"
"677","scientific_notation_decimals"
"678","fraction_word_problems_1"
"679","adding_fractions_with_common_denominators"
"680","domain_of_a_function"
"681","functions_1"
"682","distributive_property"
"683","vertical_angles"
"684","unit_circle"
"685","multiplication_1.5"
"686","dividing_fractions_word_problems"
"687","plugging_in_values"
"688","solving_quadratics_by_taking_the_square_root"
"689","lcm_word_problems"
"690","recording_life_problem_by_expressions"
"691","writing_fractions_1"
"692","l_ml_time_div"
"693","naming_shapes"
"694","simple_hologram_surface_area"
"695","coordination_bctest_cap"
"696","date_and_weekday"
"697","exponent_rules"
"698","points_lines_and_planes"
"699","multiplying_fractions_word_problems"
"700","expressing_ratios_as_fractions"
"701","properties_of_numbers_1"
"702","dividing_decimals_1"
"703","markup_and_commission_word_problems"
"704","comparing_absolute_values"
"705","standard_deviation"
"706","equivalent_fractions"
"707","completing_the_square_1"
"708","trigonometry_0.5"
"709","solving_quadratics_by_factoring_2"
"710","scientific_notation"
"711","complementary_angles"
"712","square_roots"
"713","parabola_intuition_2"
"714","congruent_segments"
"715","midpoint_of_a_segment"
"716","areas_of_circles_and_sectors"
"717","alternate_interior_angles"
"718","degrees_to_radians"
"719","reading_bar_charts_1"
"720","adding_vectors"
"721","telling_time_2"
"722","comparing_fractions_1"
"723","measuring_angles"
"724","congruent_triangles_2"
"725","measuring_segments"
"726","axis_of_symmetry"
"727","average_word_problems"
"728","division_3"
"729","radius_angle"
"730","meters_and_centimeters_conversion"
"731","meters_and_centimeters"
"732","skip_counting_by_100s"
"733","matrix_row_echelon"
"734","scale_see_compare_see"
"735","understand_circle"
"736","matrix_triangular_and_symmetric"
"737","factorization_by_add_sub_square"
"738","ratio_discount"
"739","nutrition_bctest_cap"
"740","measuring_lengths_with_different_units"
"741","concepts_related_to_kite"
"742","multiplication_and_division_order"
"743","concepts_related_to_parallelogram"
"744","one_more_one_less"
"745","represent_by_symbol_addend"
"746","time_word_problem_4"
"747","fraction_of_one_step_to_unknow_formula"
"748","graphs_of_linear_equations"
"749","matrix_add_sub_3"
"750","triangle_angles_sum"
"751","filling_rectangles_with_same-sized_squares"
"752","unit_conversion_rate"
"753","cell_bctest_cap"
"754","advanced_fraction"
"755","addition_within_20"
"756","surface_area_of_rectangular_boxes"
"757","area_unit_cm_square"
"758","vertical_concepts"
"759","direct_and_inverse_variation"
"760","quadrilateral_types"
"761","area_of_parallelograms"
"762","discount_tax_and_tip_word_problems"
"763","adding_and_subtracting_complex_numbers"
"764","vertex_of_a_parabola"
"765","logarithms_1"
"766","division_0.9"
"767","proportions_inner_outer_product"
"768","area_of_triangular_shapes"
"769","seq_sequence_exam_1"
"770","position_relation_between_circle_point"
"771","decomposing_fractions"
"772","matrix_basic_distance"
"773","ordering_decimals_new"
"774","simplificate_ractional_formula"
"775","geometry_identification_concept"
"776","simplify_the_root_type"
